#10YearsOfOsnapitzari	commemoratives
#2Awesome	group interest
#3wordsbetterthanIloveyou	group interest
#4HSepang	group interest
#60daysinjail	group interest
#7YearsOfBaby	commemoratives
#80sSongsForCountries	group interest
#AcademyAwards	news
#AcBookWeek	ongoing events
#ActiveJanoskians	group interest
#Advtravelconf	
#AFCON2017	ongoing events
#AFCvBFC	ongoing events
#AfrobeatsWithAbrantee	group interest
#AJBellNBL	group interest
#All80sHour	ongoing events
#alternativefact	news
#alternativefacts	news
#andersonprog
#AppAwards16	ongoing events
#AppleTreeYard	group interest
#arcgap	group interest
#archantawards	ongoing events
#ARSBUR	ongoing events
#AskDanny	group interest
#AtlasV	ongoing events
#AusOpen	ongoing events
#AUSvPAK	ongoing events
#AwfullyBritishPubNames	group interest
#babyhour	group interest
#Badlands	news
#BadlyRecastAFilm	group interest
#BadRelationshipAdvice	group interest
#bbcaq	news	
#bbcfootball	news
#bbcintroducing
#BBCIntroducingOnRadioWales
#bbcpm
#bbcqt
#bbcsp
#BBCTaboo
#BBNaija	ongoing events
#BeerBods	group interest
#BeingMaryJane	group interest
#Belfasthour	group interest
#beliebersstayforever	commemoratives
#Bellator170	ongoing events
#BellLetsTalk	group interest
#BernieEcclestone	group interest
#BestFans2017	
#Bett2017	group interest
#bettchat	group interest
#bhafc	ongoing events
#BigWeekend	group interest
#BizHour	group interest
#BlackAdam	group interest
#BloggerationChat	group interest
#bloggersbookfeast	ongoing events
#bloghour	group interest
#BOIMcKennaCup	ongoing events
#borolive	ongoing events
#botchedupbodies	ongoing events
#BOUWAT	ongoing events
#boycottadogspurpose	group interest
#brainwashingstacey	news	
#Brexit	news
#Brexitruling	news
#bridgesnotwalls	news
#Brighton	
#BritainsArmedHistory	group interest
#BritainsBenefitTenants	group interest
#BurnsNight	commemoratives
#BurnsNight2017	commemoratives
#C4PopUp	group interest
#CamilaBestFans	group interest
#careforthenhs	group interest
#Casualty	ongoing events
#CathyLive	ongoing events
#CBBNicola	ongoing events
#CBBStacey	ongoing events
#CBBUK	ongoing events
#CelebApprentice	ongoing events
#celebhotter	ongoing events
#Chairboys	ongoing events
#ChangeALetterRuinACelebrity	
#charitytuesday	group interest
#CheckatradeTrophy	ongoing events
#CHEHUL	ongoing events
#ChewingGum	ongoing events
#ChewingGum2	ongoing events
#chocolatemovies	group interest
#clueless
#cmawards16	ongoing events
#ComicBookCharacterReportCards	group interest
#CommonSense	ongoing events
#ContainerMovies	group interest
#ConvinceMeToMarryYou	group interest
#CookSchoolGBC	group interest
#CopaDelRey	ongoing events
#cornwallhour	group interest
#courgettecrisis	news
#COYBIG
#COYR	ongoing events
#COYS	
#craftbeerhour	group interest
#CrappyBusinessProposals	group interest
#creativeshootout17	ongoing events
#CRYEVE	ongoing events
#CustomerServiceDosAndDonts	group interest
#DAPL	news
#DateMyFamily	ongoing events
#Davos	news
#ddduk	ongoing events
#deathinparadise	ongoing events
#DesertIslandDiscs	ongoing events
#Dispatches	ongoing events
#DisruptionSWT
#DIYstorebandsorsongs	group interest
#DolanTwinsNewVideo	group interest
#dorsethour	group interest
#DOTD	group interest
#Draghi	news
#DubaiMarathon	ongoing events
#EastEnders	ongoing events
#EFLCup	
#ELEAGUEMajor	ongoing events
#Endeavour	ongoing events
#EnglandHour	group interest
#EngVsInd	ongoing events
#ENLScores	ongoing events
#EOTB	ongoing events
#ESRCRacisms	ongoing events
#EULCS	ongoing events
#EurovisionYouDecide	ongoing events
#ExOnTheBeach
#FamousWhenYounger	group interest
#FashionRules	ongoing events
#FeministToDoList	group interest
#Fidelio
#FilmsForCricket	group interest
#firstdateshotel	ongoing events
#FirstDatesIRL	ongoing events
#flamablefamous	group interest
#FMQs	news
#FontSunday	group interest
#forgotten80s	ongoing events
#FridayFeeling	group interest
#FurtherBackInTimeForDinner	ongoing events
#Gambia	news
#GBvsATL	ongoing events
#GearsProCircuitMX	ongoing events
#GetYourTattsOut	ongoing events
#GFF17	group interest
#GGJ17	group interest
#GGJ2017	group interest
#GIDC	ongoing events
#giffgaffE4	ongoing events
#girlmeetsgoodbye	ongoing events
#globalgagrule	news
#GlobalWarning	group interest
#GLORY37	ongoing events
#GoDoEntAwards	ongoing events
#goglamgala	ongoing events
#GoodOmens	group interest
#Gotham	ongoing events
#Gpsbehindcloseddoors	ongoing events
#GrahamNorton	ongoing events
#HairdresserFilms	group interest
#HaloWC	ongoing events
#HandmadeHour	ongoing events
#Happy46thGary	commemoratives
#HappyBirthdayCalum	commemoratives	
#Hauk	ongoing events
#HeartBreakfast	ongoing events
#heavenclubspa	ongoing events
#hewillnotdivideus	news
#HFconference	ongoing events
#HighStakes	ongoing events
#HistoricalFigureASong	group interest
#HolbyCity	ongoing events
#Homeland	ongoing events
#homelesssunday	group interest
#Hoogerheide	ongoing events
#horizoncleaneating	ongoing events
#Hornchurch	news
#hospital	group interest
#hospitaltunage	group interest
#HowToLoseWeightWell	group interest
#HSBC	news
#IAmLegend	group interest
#IamWhoIAmBecause	group interest
#ifgdirector	ongoing events
#IfYouCouldReadMyMind	group interest
#igot7selcaday	group interest
#ImagineNation	ongoing events
#IMarchWithLinda	group interest
#IMDOPodcast	group interest
#ImNotGoingToChurchBecause	group interest
#InauguralConcert	
#InaugurateABandOrSong	group interest
#Inauguration	news
#InclusiveGrowth	group interest
#indiedevhour	ongoing events
#IndustrialStrategy	news
#INDvENG	ongoing events
#InsertNameHere	ongoing events
#InTech	group interest
#InTherapy	ongoing events
#IsItWeirdIThink	group interest
#IStandWithShane	group interest
#itsgoneviral	group interest
#ITVBoxing	ongoing events
#IWillAlwaysLove	group interest
#Jan25	commemoratives
#Jaws	ongoing events
#JuveLazio	ongoing events
#kavosink	ongoing events
#KillerCameron	ongoing events
#kitzbuehel	ongoing events
#KokoKollection	group interest
#LancashireHour	ongoing events
#LaughingMusic	group interest
#LetItShine	ongoing events
#LibraryAmbition	group interest
#Ligue1	ongoing events
#LinaresCrolla2	group interest
#Lionesses	ongoing events
#LittleMixBRITs	ongoing events
#Logan	group interest
#London	group interest
#LounielleIsOverParty	group interest
#LPWin	group interest
#LTC2017	ongoing events
#LTHEchat	group interest
#luxtravelchat	group interest
#makeasongasunday	group interest
#MakeSomebodyHeavier	group interest
#MakeSomeoneOlder	group interest
#MakeSomeoneSmelly	group interest
#Manchester
#MarkIsATool	ongoing events
#marr	news
#MCAwards16	ongoing events
#MCFCvTHFC	ongoing events
#MCITOT	ongoing events
#midlandshour	ongoing events
#midsomermurders	ongoing events
#MIDWHU	ongoing events
#MilanNapoli	ongoing events
#MK50	commemoratives
#mondaymotivation	group interest
#MostActiveCity	ongoing events
#MOTD	group interest
#MOTD2	news
#MotoGP	group interest
#MUNvR92	ongoing events
#Muskedragons	ongoing events
#MyCookingShowWouldBeAbout	group interest
#MyDayOffIn3Words	group interest
#MyFirstWordsAsPresident	group interest
#MyMumsHotterThanMe	group interest
#NathanielMGCup	group interest
#NationalCheeseLoversDay	commemoratives
#NationalComplimentDay	commemoratives
#NationalHuggingDay	commemoratives
#Nationalpeanutbutterday	commemoratives
#NationalPieDay	commemoratives
#NationalPopcornDay	commemoratives
#NBAAllStar	ongoing events
#NewEditionBET	ongoing events
#NewMusicFriday	group interest
#newtanavideo	group interest
#NFLPlayoffs	ongoing events
#NHCPerfume	group interest
#NinjaWarriorUK	ongoing events
#NoDAPL	news
#NoKXL	news
#NoOffence	ongoing events
#NotGoingOut	ongoing events
#NTAs	ongoing events
#NudeActionMovies	group interest	
#NZvBAN	ongoing events
#oceanrescue	news
#ODEONScreenUnseen	group interest
#OLOM	ongoing events
#OneFactAboutMe	group interest
#oneshow	ongoing events
#OscarNoms	ongoing events
#OurPerfectWedding	group interest
#PalermoInter	ongoing events
#PapaPennyAhee	ongoing events
#parliamentaryfilms	group interest
#Patriots	ongoing events
#penguinawarenessday	commemoratives
#Peston	group interest
#PhilosophersMovies	group interest
#pifdigital	ongoing events
#Plasco	news
#PLTonight	group interest
#PLYLIV	ongoing events
#PointlessCelebrities	ongoing events
#portraitartistoftheyear	ongoing events
#PPLCharityGala	ongoing events
#PrayForEllen	group interest
#presidentfart	news
#Pressconference	news
#productoftheyear	ongoing events
#producttank	ongoing events
#ProudOfLouis	ongoing events
#QPRFUL	ongoing events
#QSchool	ongoing events
#RaceofChampions	ongoing events
#ReasonsIAintInARelationship	group interest
#RedneckAMovie	group interest
#RenameMillionWomenMarch	group interest
#resist	news
#restorationman	ongoing events
#rhoa	ongoing events
#Ridge	group interest
#RLhfctor	ongoing events
#Rochdalehour	ongoing events
#ROCMiami	ongoing events
#RodentiaAMovieOrSong	group interest
#Rooney250	group interest
#RoyalBankBoost	ongoing events
#RSAeducation	ongoing events
#SanversIsBack	ongoing events
#saturdaynight	group interest
#SAvSL	ongoing events
#scotnight	ongoing events
#scotsman200	ongoing events
#ScotSquad	ongoing events
#ScottishCup	ongoing events
#SDLive	ongoing events
#SeanSpicer	news
#SeanSpicerAFilm	group interest
#SelfieForCindy	group interest
#selfieforseb	group interest
#SelfiesForAlly	group interest
#SeoulMusicAwards	ongoing events
#Serena	ongoing events
#SGTNN2	group interest
#ShadowhuntersChat	ongoing events
#ShakespeareSunday	group interest
#sharedownership	group interest
#SickAnimals	group interest
#silvertowntunnel	group interest
#SLTchat	group interest
#SmackDownLIVE	ongoing events
#SmearForSmear	group interest
#smellyfilms	group interest
#socialmobility	news
#somersethour	ongoing events
#SOULEI	ongoing events
#SoundOfMusicals	ongoing events
#SpicerFacts	group interest
#SPOILMEFARIDA	group interest
#Sportscene	ongoing events
#SpyInTheWild	ongoing events
#SquirrelAppreciationDay	commemoratives
#StarsInCars	group interest
#StDwynwensDay	commemoratives
#stereounderground	ongoing events
#STKMUN	ongoing events	
#StopYellowface	group interest
#suahour	ongoing events
#sugarfreefarm	ongoing events
#SundayBrunch	group interest
#SundayMorning	group interest
#sundayroast	group interest
#sunset	group interest
#Supergirl	ongoing events
#SuperSunday	ongoing events
#sussexhour	ongoing events
#T2trainspotting	group interest
#TalkingSmack	ongoing events
#TattooFixers	ongoing events
#TeenWolf	ongoing events
#TelenetUCICXWC	ongoing events
#ThanksObama	news
#ThankYouObama	news
#TheAviators	commemoratives
#TheBigQuestions	ongoing events
#TheChrisRamseyShow	ongoing events
#TheFlash	ongoing events
#TheHalcyon	ongoing events
#TheReassembler	ongoing events
#ThereIsNoEscapeFrom	group interest
#TheUndateables	group interest
#TheView	ongoing events
#TheVoice	ongoing events
#thevoiceuk	ongoing events
#ThingsINoLongerBelieve	group interest
#ThisMorning	group interest
#throughthekeyhole	ongoing events
#ThursdayThought	group interest
#TinaAndBobby	ongoing events
#tippingpoint	ongoing events
#toast	group interest
#TommyTiernanShow	ongoing events
#TOTP	ongoing events
#totp83	ongoing events
#TouchMusicVideo	group interest
#ToyFair2017	group interest
#Trainspotting	group interest
#TrapNominatedLIVE	ongoing events
#TravelTuesday	group interest
#Trident	news
#Trump	news
#TrumpInauguration	news
#TuesdayMotivation	group interest
#TuringLecture	group interest
#TW3Awards	ongoing events
#twitterdisco	group interest
#TYTLive	ongoing events
#ukbchour	ongoing events
#ukgcX	group interest	
#Unforgotten	ongoing events
#UniversityChallenge	ongoing events
#UniversityImpact	group interest
#upsetamovie	group interest
#USdebate	news
#USTitle	ongoing events
#VirtuallyFamous	group interest
#VoteAllNight	group interest
#WalesWomen	ongoing events
#WBASUN	ongoing events
#WeAreWarriors	ongoing events
#WeAreWithAna	group interest
#WeCareAboutULiam	group interest
#WeCops	ongoing events
#weddinghour	ongoing events
#wednesdaywisdom	group interest
#wef17	news
#WEI2017	ongoing events
#Weird4WordInaugurationSpeech	group interest
#WGawards16	ongoing events
#WhatFacebookIsToMe	group interest
#WhitePaper	news
#WhyICantTalkToMyEx	group interest
#whyweloveashton	group interest
#WillAndGrace	group interest
#Willesden	group interest
#Winterwatch	group interest
#WithoutMyMorningCoffee	group interest
#WomensMarch	news	
#womensmarchlondon	news
#WomenWhoHaveInspiredMe	group interest
#woofwoofwednesday	group interest
#WoolfWorks	ongoing events
#WordsByCamila	group interest
#worldwideawards	ongoing events
Aaron Rodgers	group interest
Adam Hadwin	news
Adama Barrow	news
Adama Traore	group interest
Aditya Chakrabortty	news
AFC Wimbledon	ongoing events
Aguero	ongoing events
Airdrie Savings Bank	news
Alderweireld	ongoing events
Alexander Arnold	ongoing events
Alexandra Shulman	news
Alibaba	group interest
Alistair Carmichael	news
All Stars	ongoing events
ALL WELCOME TO JOIN
Allan McGregor	news
Alonso	ongoing events
Amartya Sen	group interest
America	news
Amrezy	group interest
Andre Gray	group interest
Andre Marriner	ongoing events
Andreas Weimann	news
Andrew Crawford	news
Andrew Neil	ongoing events
Andy Carroll	ongoing events
Anfield	group interest
Angelina Jolie	group interest
Angelo Ogbonna	group interest
Angie	ongoing events
Angus Robertson	ongoing events
Anna Soubry	ongoing events
Annie Power	news
Anoeta	ongoing events
Anthony Taylor	ongoing events
Anton Donkor	group interest
Arcade Fire	group interest
Archer	group interest
Arrogate	ongoing events
Arron Banks	news
Arsenal	ongoing events
Article 50	news
Ashley Judd	news
Ashton Irwin	group interest
Astralis	ongoing events
Bacon	group interest
Bane	news
Barack Obama	news
Barbara Bush	news
Barkley	ongoing events
Barnsley	ongoing events
Basic Instinct	ongoing events
Bellerin	ongoing events
Ben Marshall	news
Ben Mee	ongoing events
Bernie Ecclestone	news
Bianca and Jamie	ongoing events
Big Show
BIGTHANKS
Bob Woodward	ongoing events
Bobby	group interest
Boris Johnson	news
Bournemouth 2-2 Watford	ongoing events
Bravo	news
Brexit	news
Bristol De Mai	ongoing events
British Cycling	news
Burnley	ongoing events
Cahill	ongoing events
Call of Cthulhu	group interest
Capital Force	ongoing events
Carlos Tevez	news
Carrick	group interest
Cech	ongoing events
Celta	ongoing events
Chapecoense	ongoing events
Charlie Adam	ongoing events
Chase Carey	news
Chelsea	ongoing events
Chris Brunt	ongoing events
Chris Clements	news
Chris Martin	news
Chris Mears
Chris Wood
Chrissy Teigen	news
Christopher Samba	news
CIA HQ	news
Clattenburg	ongoing events
Clermont	ongoing events
Clichy	ongoing events
Climate Change Plan	news
Clyne	ongoing events
Coco Vandeweghe	ongoing events
Coleen
Coleman	ongoing events
COME ON ARSENAL	ongoing events
COME ON CHELSEA	ongoing events
Comical Ali	news
CONGRATS NIALL	group interest
Coquelin	ongoing events
Coutinho	news
Coutinho and Sturridge	ongoing events
CRIED	group interest
Crumlin Road	news
Dakota Access	news
Daley	ongoing events
Dan Jarvis	group interest
Daniel May	commemoratives
Danny Murphy	ongoing events
Danny Rose	ongoing events
Darlow	ongoing events
Darren Fletcher	ongoing events
Dave Jones	news
David Davis	news
David Goodwillie	news
David Meyler	ongoing events
De Bruyne	ongoing events
De Gea	ongoing events
Deadpool	group interest
Deepdale
Dele Alli	ongoing events
Dembele	ongoing events
Depay	news
Dhoni	ongoing events
Dier	ongoing events
Doherty
DON'T GO TO SLEEP YET	group interest
Donald Trump	news
Doukara	ongoing events
Draghi	news
Dybala	ongoing events
Ed Miliband	group interest
Eddie Jones	news
Eden Gardens
Edwards	
EGOT	group interest
El Chapo	news
Emily Thornberry	ongoing events
Emmanuel Adebayor	news
Emre Can	ongoing events
England by 15	ongoing events
Eric Cantona	commemoratives
Escape to Victory	group interest
Etihad	ongoing events
EuroMillions	news
Ewan McGregor	group interest
Fabianski	ongoing events
Fabregas	ongoing events
Falcons	ongoing events
Father John Misty	group interest
Fikayo Tomori	news
Fire Emblem	group interest
Firmino	ongoing events
First Lady	news
Flaming Lips	ongoing events
Fonte	news
Fox News	group interest
Foxes	group interest
Frank Turner	group interest
French Socialist	news
Friends with Benefits	ongoing events
FULL TIME	
Funes Mori	ongoing events
Future Islands	group interest
Gabriel Jesus	news
Garbine	ongoing events
Genie
George Osborne	news
George Soros	news
Ghoulam	ongoing events
Gillian Troughton	news
Gina Miller	news
Glasgow Airport
Goldberg	ongoing events
Goldman Sachs	news
Gorden Kaye	news
Gorillaz	group interest
Government
Granit Xhaka	news
Gray
Green Bay	ongoing events
Guinea-Bissau	ongoing events
Gunners	ongoing events
Hacksaw Ridge	news
HALF TIME	ongoing events
Hallelujah Money	group interest
Handsworth	news
Harry Maguire	ongoing events
Harry Wilson	ongoing events
Harry Winks	ongoing events
Haydock	ongoing events
Hearts
Heidi and Spencer	ongoing events
Hennessey
Henri Lansbury	news
Henrik Stenson	group interest
Hercules
Highs of 5	group interest
Highs of 5C	group interest
Hillary	news	
Hornchurch	news
Howard Webb	ongoing events
Hugo	ongoing events
Hugo Lloris	ongoing events
I Am Legend	ongoing events
Iago Aspas	ongoing events
Iain Duncan Smith	group interest
Ian Paisley	news
Ibra	ongoing events
Ighalo
Industrial Strategy	news
Isaac
Ivory Coast	ongoing events
Iwobi	ongoing events
Jadhav	ongoing events
Jake Ball	ongoing events
Jake Cooper	news
Jake Humphrey	ongoing events
Jake Livermore	news
Jaki Liebezeit	news
James Bree	news
James Ward-Prowse	ongoing events
Jamie and Bianca	ongoing events
Jamie Vardy	group interest
Jason Roy
Jaws
Jay Rodriguez	ongoing events
Jennifer Lawrence	news
Jermaine Pennant	news
Jezki	ongoing events
Jodie Marsh	group interest
Joe Perry	ongoing events
Joel Matip	news
Joey Barton	ongoing events
Joleon Lescott	
Jon Moss	ongoing events
Jon Voight	news
Jonjo Shelvey	ongoing events
Jordan Ayew	ongoing events
Jose Fonte	news
Kante	ongoing events
Kashmir	news
Kasim
Keir Starmer	news
Kellyanne Conway	news
Kenny Miller	ongoing events
Kerim Frei	news
Kevin Friend	ongoing events
Kevin Owens	ongoing events
Kevin Stewart	ongoing events
Keystone XL and Dakota Access	news
KICK OFF
Kim Woodburn	ongoing events
Kingsholm	ongoing events
Kitzbuhel	ongoing events
KLAROLINE STOLE OUR HEARTS
Kohli
Konta	ongoing events
Koscielny	ongoing events
Kosovo	group interest
La La Land	group interest
Labour MPs	news
Lallana	ongoing events
Lamela	group interest
Lansbury	news
Law Abiding Citizen	ongoing events
Lazar Markovic	news
Lee Grant	ongoing events
Leighton Baines	
Leonardo Ulloa	news
Leopardstown	ongoing events
Lescott	news
Lewisham	news
Liberty Media	news
Lincoln City	ongoing events
Lingard	ongoing events
Liz Carr	ongoing events
Llorente	ongoing events
Lloris	ongoing events
London
London Welsh	news
Looper	group interest
Lord Byron	commemoratives
Lorient
Lucas	ongoing events
Lucas Leiva	ongoing events
Luis Hernandez	news
Luis Suarez	ongoing events
Luke McCormick	
Madonna	ongoing events
Maggie	
Makarova	ongoing events
Man City 2-2 Tottenham	ongoing events
Mannone	ongoing events
Marco Fu	ongoing events
Marco van Basten	news
Marcus Haber	commemoratives
Marney	
Marriner	ongoing events
Martin McGuinness	news
Martin Schulz	news
Mason Mount	ongoing events
Mata	ongoing events
Match of the Day
Mathlouthi	ongoing events
Matt Ritchie	ongoing events
Matty Ice	ongoing events
Meitu	group interest
Mel Gibson	group interest
Melania	news
Members of Muirfield
Memphis	news
Men's March	group interest
Meydan	ongoing events
Michael Ballack	news
Michael Fallon	news
Michael Flatley	group interest
Michelle O'Neill	news
Michelle Obama	news
Mick	
Micro Machines	group interest
Middlesbrough 1-2 West Ham	ongoing events
Middlesbrough 1-3 West Ham	ongoing events
Mignolet	ongoing events
Miguel Ferrer	news
Mikael Lustig	news
Mike Dean	ongoing events
Milner	ongoing events
Mirjana Lucic-Baroni	ongoing events
Mischa Zverev	ongoing events
Mkhitaryan	ongoing events
Moreno	ongoing events
MOTD	ongoing events
Motherwell	ongoing events
Mr Big Shot	ongoing events
Munster v Toulouse	group interest
Murphy	ongoing events
Murray	ongoing events
Napoli	ongoing events
Nathan Holland	news
Nazanin Zaghari-Ratcliffe
Nazis	group interest	
Neil Oliver	ongoing events
Neon Wolf	ongoing events
New Gen
Newcastle 2-0 Birmingham	ongoing events
Newcastle 3-1 Birmingham	ongoing events
Niall Keown	news
Niall Quinn	ongoing events
Niang	news
Nicola	
Nicola Sturgeon	news
Nicole Cooke	news
Nocturnal Animals	group interest
Novak Djokovic	ongoing events
Number 7	group interest
NYFW	group interest
Oakwell	ongoing events
Okazaki	ongoing events
Olivier Giroud	ongoing events
Olsson	ongoing events
Optic	group interest
Origi	ongoing events
Oriol Romeu	news
Osasuna	ongoing events
Otamendi	ongoing events
Owen Smith	news
Packers
Panenka
Papua New Guinea	news
Paris Jackson	group interest
Park Lane	
Parliament	news
Pascal Lamy	news
Patrick Bamford	news
Patrick Roberts	ongoing events
Patrick Stewart	group interest
Paul Hunter	
Paul Nuttall	news
Paulo Alves	ongoing events
PENALTY SOUTHAMPTON	ongoing events
PENALTY TO LIVERPOOL	ongoing events
Per Mertesacker	news
Perry
Peter Mandelson	ongoing events
Philippe Coutinho	news	
Piers Morgan	group interest
Plane
Pliskova	ongoing events
Plymouth	ongoing events
Poch	ongoing events
Pokemon Duel	group interest
Police Taser	news
Poppy Widdison	news
Posh
Power Rangers	group interest
Press Secretary	news
Prince Harry	group interest
Progress 8	
PSNI	news
Quamari Barnes	commemoratives
Race Relations Advisor	news
Rachael Heyhoe Flint	news
Rafa Nadal	ongoing events
Raith
Ramsey	ongoing events
Ranieri	ongoing events
Raonic	ongoing events
Rashford	ongoing events
Reading 1-0 Fulham	ongoing events
Reagan	group interest
Really Special	
RED CARD	ongoing events
Redmen	ongoing events
Reigate
Reigns	ongoing events
Resident Evil 7	group interest
Richard Spencer	news
RIP Q	news
Riverdance	news
Rob Green
Robbie	
Robbie Davies	ongoing events
Robbie Savage	ongoing events
Robert Hannigan	news
Rod Stewart	ongoing events
Roger Federer	ongoing events
Ronald Koeman	news
Ronnie O'Sullivan
Ross Brawn	news
Ross McCormack	news
Rumble	ongoing events
Rusev	ongoing events
Ruth Negga	news
Ryan Christie	news	
Ryan Grant	news
Ryan Kent	ongoing events
Ryan Mason	ongoing events
Sadio Mane	ongoing events
Saido Berahino	news
Sam Morsy	ongoing events
Sam Warburton	news
Sami
Samoa
San Antonio	news
Sanchez	ongoing events
Sane	ongoing events
Santas	news
Scarlett Johansson	news
Schladming	ongoing events
Schlupp	ongoing events
Schmeichel	ongoing events
School of Rock	ongoing events
Scott Brown
Scott Sinclair	ongoing events
Sean Dyche	ongoing events
Sean Spicer	news
Selhurst Park	ongoing events
Senegal	ongoing events
Serena	ongoing events
Serena Williams	ongoing events
Sergio Ramos	ongoing events
Seth
Seth Rollins	ongoing events
Seumas Milne	news
Shane Long	ongoing events
Sharif
Shayla
Shearer	ongoing events	
Shelvey	ongoing events
Sheyi Ojo	group interest
Shia LaBeouf
Silva
Sincil Bank	ongoing events
Sir Alex Ferguson	news
Sir Bobby Charlton	news
Sir Patrick Coghlin	news
Sizing John	
Slaven Bilic	news
Smalling	ongoing events
Sniper Elite 4	group interest
Snodgrass	news
Southwell	ongoing events
Spencer
Spurs	ongoing events
Stacy
Stacy Francis
Status Quo	news
Steelers	
Stefan
Sterling	ongoing events
Steve Bruce	news
Steve Mcmanaman	ongoing events
Steven Gerrard	news
Still 0-0	ongoing events
Stoke	ongoing events
Stoke and Copeland	news
Str8 Grove
Strycova	ongoing events
Stuani	ongoing events
Stuart Findlay	ongoing events
Suicide Squad	group interest
Super Bowl	ongoing events
Super Sunday	
Supreme Court	news
Supreme x Louis Vuitton	group interest
Surrey County Council	news
Sveta	ongoing events
Swansea	ongoing events
Sweet Charity	
T2 Trainspotting	news
Taser	news
Tasered	news
TEAM NEWS
Tel Aviv to Jerusalem	news
Terminator	group interest
Thames	news
The Cadbury's Premier League	news
The Day After Tomorrow	ongoing events
The Foreign Office	news
The Last Jedi	news
The Mirror	news
The Other Woman	ongoing events
The Piano Guys	ongoing events
The Ring
The Storyteller	ongoing events
The Variety Bazaar	news
Time Bandits	ongoing events
Tiote	ongoing events
Toby Keith	ongoing events
Tom Arscott	news
Tom Baker	commemoratives
Tom Brady	ongoing events
Tom Carroll	ongoing events
Tom Daley	group interest
Tom Tyrrell
Tommy Fleetwood
Top 4
Trans-Pacific Partnership	news
Trident	news
Trinity Mirror
Triple H	ongoing events
Trump	news
Tsonga
Uganda	ongoing events
Usain Bolt	news
Valdes	ongoing events
Van Basten	news
Van Dijk	ongoing events
Vardy	ongoing events
Venus Williams	ongoing events
Victor Anichebe	news
Victor Moses	ongoing events
Villa Park	ongoing events
Walker	ongoing events
Wanyama	ongoing events
Washington	
Washington DC
Wasps
Wayne Rooney	news
Weather	group interest
Weekend League	group interest
Welbeck	ongoing events
Welford Road	ongoing events
Wenger	news
Wes Burns	news
Wes Morgan	ongoing events
West Bank	news
Westbrook	group interest
White House
White Paper	news
Wijnaldum	ongoing events
Wimmer	ongoing events
Woakes	ongoing events
Woody Johnson	news
Xhaka	ongoing events
Yakuza 0	group interest
Yorkhill	news
Yorkshire Bank	news
Yuvraj	ongoing events
Zabaleta	ongoing events
Zebre	ongoing events
Zverev	ongoing events
